country|alpha2|alpha3|Num|ITU|GEC|IOC|FIFA|DS|WMO|GAUL|MARC|dial|independent|VisaRequired
Afghanistan|AF|AFG|004|AFG|AF|AFG|AFG|AFG|AF|1|af|93|Yes|Y
Åland|AX|ALA|248| | | |ALD|FIN| |1242| |358|Part of FI|Y
Albania|AL|ALB|008|ALB|AL|ALB|ALB|AL|AB|3|aa|355|Yes|Y
Algeria|DZ|DZA|012|ALG|AG|ALG|ALG|DZ|AL|4|ae|213|Yes|Y
American Samoa|AS|ASM|016|SMA|AQ|ASA|ASA|USA| |5|as|1-684|Territory of US|Y
Andorra|AD|AND|020|AND|AN|AND|AND|AND| |7|an|376|Yes|N
Angola|AO|AGO|024|AGL|AO|ANG|ANG|AO|AN|8|ao|244|Yes|Y
Anguilla|AI|AIA|660|AIA|AV|AIA|AIA| | |9|am|1-264|Territory of GB|Y
Antarctica|AQ|ATA|010| |AY| |ROS3| |AA|10|ay|672|International|Y
Antigua and Barbuda|AG|ATG|028|ATG|AC|ANT|ATG| |AT|11|aq|1-268|Yes|Y
Argentina|AR|ARG|032|ARG|AR|ARG|ARG|RA|AG|12|ag|54|Yes|Y
Armenia|AM|ARM|051|ARM|AM|ARM|ARM|AM|AY|13|ai|374|Yes|Y
Aruba|AW|ABW|533|ABW|AA|ARU|ARU|AW|NU|14|aw|297|Part of NL|Y
Australia|AU|AUS|036|AUS|AS|AUS|AUS|AUS|AU|17|at|61|Yes|N
Austria|AT|AUT|040|AUT|AU|AUT|AUT|A|OS|18|au|43|Yes|N
Azerbaijan|AZ|AZE|031|AZE|AJ|AZE|AZE|AZ|AJ|19|aj|994|Yes|Y
Bahamas|BS|BHS|044|BAH|BF|BAH|BAH|BS|BA|20|bf|1-242|Yes|Y
Bahrain|BH|BHR|048|BHR|BA|BRN|BHR|BRN|BN|21|ba|973|Yes|Y
Bangladesh|BD|BGD|050|BGD|BG|BAN|BAN|BD|BW|23|bg|880|Yes|Y
Barbados|BB|BRB|052|BRB|BB|BAR|BRB|BDS|BR|24|bb|1-246|Yes|Y
Belarus|BY|BLR|112|BLR|BO|BLR|BLR|BY|BY|26|bw|375|Yes|Y
Belgium|BE|BEL|056|BEL|BE|BEL|BEL|B|BX|27|be|32|Yes|N
Belize|BZ|BLZ|084|BLZ|BH|BIZ|BLZ|BH|BH|28|bh|501|Yes|Y
Benin|BJ|BEN|204|BEN|BN|BEN|BEN|DY|BJ|29|dm|229|Yes|Y
Bermuda|BM|BMU|060|BER|BD|BER|BER|BM|BE|30|bm|1-441|Territory of GB|N
Bhutan|BT|BTN|064|BTN|BT|BHU|BHU|BT| |31|bt|975|Yes|Y
Bolivia|BO|BOL|068|BOL|BL|BOL|BOL|BOL|BO|33|bo|591|Yes|Y
Bonaire, Sint Eustatius and Saba|BQ|BES|535|ATN|NL|AHO|ANT|NA|NU|176|ca|599|Part of NL|Y
Bosnia and Herzegovina|BA|BIH|070|BIH|BK|BIH|BIH|BIH|BG|34|bn|387|Yes|Y
Botswana|BW|BWA|072|BOT|BC|BOT|BOT|BW|BC|35|bs|267|Yes|Y
Bouvet Island|BV|BVT|074| |BV| ||BV|BV|36|bv|47|Territory of NO|Y
Brazil|BR|BRA|076|B|BR|BRA|BRA|BR|BZ|37|bl|55|Yes|Y
British Indian Ocean Territory|IO|IOT|086|BIO|IO| || | |38|bi|246|Territory of GB|Y
Brunei Darussalam|BN|BRN|096|BRU|BX|BRU|BRU|BRU|BD|40|bx|673|Yes|N
Bulgaria|BG|BGR|100|BUL|BU|BUL|BUL|BG|BU|41|bu|359|Yes|Y
Burkina Faso|BF|BFA|854|BFA|UV|BUR|BFA|BF|HV|42|uv|226|Yes|Y
Burundi|BI|BDI|108|BDI|BY|BDI|BDI|RU|BI|43|bd|257|Yes|Y
Cambodia|KH|KHM|116|CBG|CB|CAM|CAM|K|KP|44|cb|855|Yes|Y
Cameroon|CM|CMR|120|CME|CM|CMR|CMR|CAM|CM|45|cm|237|Yes|Y
Canada|CA|CAN|124|CAN|CA|CAN|CAN|CDN|CN|46|xxc|1|Yes|N
Cape Verde|CV|CPV|132|CPV|CV|CPV|CPV|CV|CV|47|cv|238|Yes|Y
Cayman Islands|KY|CYM|136|CYM|CJ|CAY|CAY|KY|GC|48|cj|1-345|Territory of GB|Y
Central African Republic|CF|CAF|140|CAF|CT|CAF|CTA|RCA|CE|49|cx|236|Yes|Y
Chad|TD|TCD|148|TCD|CD|CHA|CHA|TCH|CD|50|cd|235|Yes|Y
Chile|CL|CHL|152|CHL|CI|CHI|CHI|RCH|CH|51|cl|56|Yes|N
China|CN|CHN|156|CHN|CH|CHN|CHN|CN|CI|53|cc|86|Yes|Y
Christmas Island|CX|CXR|162|CHR|KT| |CXR|AUS|KI|54|xa|61|Territory of AU|Y
Cocos (Keeling) Islands|CC|CCK|166|ICO|CK| |CCK|AUS|KK|56|xb|61|Territory of AU|Y
Colombia|CO|COL|170|CLM|CO|COL|COL|CO|CO|57|ck|57|Yes|Y
Comoros|KM|COM|174|COM|CN|COM|COM|KM|IC|58|cq|269|Yes|Y
Congo (Brazzaville)|CG|COG|178|COG|CF|CGO|CGO|RCB|CG|59|cf|242|Yes|Y
Congo (Kinshasa)|CD|COD|180|COD|CG|COD|COD|ZRE|ZR|68|cg|243|Yes|Y
Cook Islands|CK|COK|184|CKH|CW|COK|COK|NZ|KU|60|cw|682|Associated with NZ|Y
Costa Rica|CR|CRI|188|CTR|CS|CRC|CRC|CR|CS|61|cr|506|Yes|Y
Côte d'Ivoire|CI|CIV|384|CTI|IV|CIV|CIV|CI|IV|66|iv|225|Yes|Y
Croatia|HR|HRV|191|HRV|HR|CRO|CRO|HR|RH|62|ci|385|Yes|Y
Cuba|CU|CUB|192|CUB|CU|CUB|CUB|C|CU|63|cu|53|Yes|Y
Curaçao|CW|CUW|531||UC||||||co|599|Part of NL|Y
Cyprus|CY|CYP|196|CYP|CY|CYP|CYP|CY|CY|64|cy|357|Yes|Y
Czech Republic|CZ|CZE|203|CZE|EZ|CZE|CZE|CZ|CZ|65|xr|420|Yes|N
Denmark|DK|DNK|208|DNK|DA|DEN|DEN|DK|DN|69|dk|45|Yes|N
Djibouti|DJ|DJI|262|DJI|DJ|DJI|DJI|F|DJ|70|ft|253|Yes|Y
Dominica|DM|DMA|212|DMA|DO|DMA|DMA|WD|DO|71|dq|1-767|Yes|Y
Dominican Republic|DO|DOM|214|DOM|DR|DOM|DOM|DOM|DR|72|dr|1-809, 1-829, 1-849|Yes|Y
Ecuador|EC|ECU|218|EQA|EC|ECU|ECU|EC|EQ|73|ec|593|Yes|Y
Egypt|EG|EGY|818|EGY|EG|EGY|EGY|ET|EG|40765|ua|20|Yes|Y
El Salvador|SV|SLV|222|SLV|ES|ESA|SLV|ES|ES|75|es|503|Yes|Y
Equatorial Guinea|GQ|GNQ|226|GNE|EK|GEQ|EQG|EQ|GQ|76|eg|240|Yes|Y
Eritrea|ER|ERI|232|ERI|ER|ERI|ERI|ER| |77|ea|291|Yes|Y
Estonia|EE|EST|233|EST|EN|EST|EST|EST|EO|78|er|372|Yes|N
Ethiopia|ET|ETH|231|ETH|ET|ETH|ETH|ETH|ET|79|et|251|Yes|Y
Falkland Islands|FK|FLK|238|FLK|FK|FLK|FLK| |FK|81|fk|500|Territory of GB|Y
Faroe Islands|FO|FRO|234|FRO|FO|FAR|FRO|FO|FA|82|fa|298|Part of DK|Y
Fiji|FJ|FJI|242|FJI|FJ|FIJ|FIJ|FJI|FJ|83|fj|679|Yes|Y
Finland|FI|FIN|246|FIN|FI|FIN|FIN|FIN|FI|84|fi|358|Yes|N
France|FR|FRA|250|F|FR|FRA|FRA|F|FR|85|fr|33|Yes|N
French Guiana|GF|GUF|254|GUF|FG|FGU|GUF|F|FG|86|fg|594|Part of FR|Y
French Polynesia|PF|PYF|258|OCE|FP|FPO|TAH2|F|PF|87|fp|689|Territory of FR|Y
French Southern Lands|TF|ATF|260| |FS| ||F| |88|fs|262|Territory of FR|Y
Gabon|GA|GAB|266|GAB|GB|GAB|GAB|G|GO|89|go|241|Yes|Y
Gambia|GM|GMB|270|GMB|GA|GAM|GAM|WAG|GB|90|gm|220|Yes|Y
Georgia|GE|GEO|268|GEO|GG|GEO|GEO|GE|GG|92|gs|995|Yes|Y
Germany|DE|DEU|276|D|GM|GER|GER|D|DL|93|gw|49|Yes|N
Ghana|GH|GHA|288|GHA|GH|GHA|GHA|GH|GH|94|gh|233|Yes|Y
Gibraltar|GI|GIB|292|GIB|GI|GIB|GBZ|GBZ|GI|95|gi|350|Territory of GB|Y
Greece|GR|GRC|300|GRC|GR|GRE|GRE|GR|GR|97|gr|30|Yes|N
Greenland|GL|GRL|304|GRL|GL|GRL|GRL|DK|GL|98|gl|299|Part of DK|Y
Grenada|GD|GRD|308|GRD|GJ|GRN|GRN|WG|GD|99|gd|1-473|Yes|Y
Guadeloupe|GP|GLP|312|GDL|GP|GUD|GLP|F|MF|100|gp|590|Part of FR|Y
Guam|GU|GUM|316|GUM|GQ|GUM|GUM|USA|GM|101|gu|1-671|Territory of US|Y
Guatemala|GT|GTM|320|GTM|GT|GUA|GUA|GCA|GU|103|gt|502|Yes|Y
Guernsey|GG|GGY|831| |GK| |GBG|GBG| |104|uik|44|Crown dependency of GB|Y
Guinea|GN|GIN|324|GUI|GV|GUI|GUI|RG|GN|106|gv|224|Yes|Y
Guinea-Bissau|GW|GNB|624|GNB|PU|GBS|GNB|GW|GW|105|pg|245|Yes|Y
Guyana|GY|GUY|328|GUY|GY|GUY|GUY|GUY|GY|107|gy|592|Yes|Y
Haiti|HT|HTI|332|HTI|HA|HAI|HAI|RH|HA|108|ht|509|Yes|Y
Heard and McDonald Islands|HM|HMD|334| |HM| ||AUS| |109|hm|672|Territory of AU|Y
Honduras|HN|HND|340|HND|HO|HON|HON| |HO|111|ho|504|Yes|Y
Hong Kong|HK|HKG|344|HKG|HK|HKG|HKG|HK|HK|33364| |852|Part of CN|Y
Hungary|HU|HUN|348|HNG|HU|HUN|HUN|H|HU|113|hu|36|Yes|N
Iceland|IS|ISL|352|ISL|IC|ISL|ISL|IS|IL|114|ic|354|Yes|N
India|IN|IND|356|IND|IN|IND|IND|IND|IN|115|ii|91|Yes|Y
Indonesia|ID|IDN|360|INS|ID|INA|IDN|RI|ID|116|io|62|Yes|Y
Iran|IR|IRN|364|IRN|IR|IRI|IRN|IR|IR|117|ir|98|Yes|Y
Iraq|IQ|IRQ|368|IRQ|IZ|IRQ|IRQ|IRQ|IQ|118|iq|964|Yes|Y
Ireland|IE|IRL|372|IRL|EI|IRL|IRL|IRL|IE|119|ie|353|Yes|N
Isle of Man|IM|IMN|833| |IM| |GBM|GBM| |120|uik|44|Crown dependency of GB|Y
Israel|IL|ISR|376|ISR|IS|ISR|ISR|IL|IS|121|is|972|Yes|Y
Italy|IT|ITA|380|I|IT|ITA|ITA|I|IY|122|it|39|Yes|N
Jamaica|JM|JAM|388|JMC|JM|JAM|JAM|JA|JM|123|jm|1-876|Yes|Y
Japan|JP|JPN|392|J|JA|JPN|JPN|J|JP|126|ja|81|Yes|N
Jersey|JE|JEY|832| |JE| |GBJ|GBJ| |128|uik|44|Crown dependency of GB|Y
Jordan|JO|JOR|400|JOR|JO|JOR|JOR|HKJ|JD|130|jo|962|Yes|Y
Kazakhstan|KZ|KAZ|398|KAZ|KZ|KAZ|KAZ|KZ|KZ|132|kz|7|Yes|Y
Kenya|KE|KEN|404|KEN|KE|KEN|KEN|EAK|KN|133|ke|254|Yes|Y
Kiribati|KI|KIR|296|KIR|KR|KIR|KIR| |KB|135|gb|686|Yes|Y
Korea, North|KP|PRK|408|KRE|KN|PRK|PRK| |KR|67|kn|850|Yes|Y
Korea, South|KR|KOR|410|KOR|KS|KOR|KOR|ROK|KO|202|ko|82|Yes|N
Kuwait|KW|KWT|414|KWT|KU|KUW|KUW|KWT|KW|137|ku|965|Yes|Y
Kyrgyzstan|KG|KGZ|417|KGZ|KG|KGZ|KGZ|KS|KG|138|kg|996|Yes|Y
Laos|LA|LAO|418|LAO|LA|LAO|LAO|LAO|LA|139|ls|856|Yes|Y
Latvia|LV|LVA|428|LVA|LG|LAT|LVA|LV|LV|140|lv|371|Yes|N
Lebanon|LB|LBN|422|LBN|LE|LIB|LIB|RL|LB|141|le|961|Yes|Y
Lesotho|LS|LSO|426|LSO|LT|LES|LES|LS|LS|142|lo|266|Yes|Y
Liberia|LR|LBR|430|LBR|LI|LBR|LBR|LB|LI|144|lb|231|Yes|Y
Libya|LY|LBY|434|LBY|LY|LBA|LBY|LAR|LY|145|ly|218|Yes|Y
Liechtenstein|LI|LIE|438|LIE|LS|LIE|LIE|FL| |146|lh|423|Yes|N
Lithuania|LT|LTU|440|LTU|LH|LTU|LTU|LT|LT|147|li|370|Yes|N
Luxembourg|LU|LUX|442|LUX|LU|LUX|LUX|L|BX|148|lu|352|Yes|N
Macau|MO|MAC|446|MAC|MC|MAC|MAC|MO|MU|149| |853|Part of CN|Y
Macedonia|MK|MKD|807|MKD|MK|MKD|MKD|MK|MJ|241|xn|389|Yes|Y
Madagascar|MG|MDG|450|MDG|MA|MAD|MAD|RM|MG|150|mg|261|Yes|Y
Malawi|MW|MWI|454|MWI|MI|MAW|MWI|MW|MW|152|mw|265|Yes|Y
Malaysia|MY|MYS|458|MLA|MY|MAS|MAS|MAL|MS|153|my|60|Yes|Y
Maldives|MV|MDV|462|MLD|MV|MDV|MDV|MV|MV|154|xc|960|Yes|Y
Mali|ML|MLI|466|MLI|ML|MLI|MLI|RMM|MI|155|ml|223|Yes|Y
Malta|MT|MLT|470|MLT|MT|MLT|MLT|M|ML|156|mm|356|Yes|N
Marshall Islands|MH|MHL|584|MHL|RM|MSH|MHL| |MH|157|xe|692|Yes|Y
Martinique|MQ|MTQ|474|MRT|MB|MRT|MTQ|F|MR|158|mq|596|Part of FR|Y
Mauritania|MR|MRT|478|MTN|MR|MTN|MTN|RIM|MT|159|mu|222|Yes|Y
Mauritius|MU|MUS|480|MAU|MP|MRI|MRI|MS|MA|160|mf|230|Yes|Y
Mayotte|YT|MYT|175|MYT|MF|MAY|MYT| | |161|ot|262|Part of FR|Y
Mexico|MX|MEX|484|MEX|MX|MEX|MEX|MEX|MX|162|mx|52|Yes|Y
Micronesia|FM|FSM|583|FSM|FM|FSM|FSM| | |163|fm|691|Yes|Y
Moldova|MD|MDA|498|MDA|MD|MDA|MDA|MD|RM|165|mv|373|Yes|Y
Monaco|MC|MCO|492|MCO|MN|MON|MON|MC| |166|mc|377|Yes|N
Mongolia|MN|MNG|496|MNG|MG|MGL|MNG|MGL|MO|167|mp|976|Yes|Y
Montenegro|ME|MNE|499|MNE|MJ|MGO|MNE|MNE| |2647|mo|382|Yes|Y
Montserrat|MS|MSR|500|MSR|MH|MNT|MSR| | |168|mj|1-664|Territory of GB|Y
Morocco|MA|MAR|504|MRC|MO|MAR|MAR|MA|MC|169|mr|212|Yes|Y
Mozambique|MZ|MOZ|508|MOZ|MZ|MOZ|MOZ|MOC|MZ|170|mz|258|Yes|Y
Myanmar|MM|MMR|104|MYA|BM|MYA|MYA|BUR|BM|171|br|95|Yes|Y
Namibia|NA|NAM|516|NMB|WA|NAM|NAM|NAM|NM|172|sx|264|Yes|Y
Nauru|NR|NRU|520|NRU|NR|NRU|NRU|NAU|NW|173|nu|674|Yes|Y
Nepal|NP|NPL|524|NPL|NP|NEP|NEP|NEP|NP|175|np|977|Yes|Y
Netherlands|NL|NLD|528|HOL|NL|NED|NED|NL|NL|177|ne|31|Yes|N
New Caledonia|NC|NCL|540|NCL|NC|NCD|NCL|F|NC|178|nl|687|Territory of FR|Y
New Zealand|NZ|NZL|554|NZL|NZ|NZL|NZL|NZ|NZ|179|nz|64|Yes|N
Nicaragua|NI|NIC|558|NCG|NU|NCA|NCA|NIC|NK|180|nq|505|Yes|Y
Niger|NE|NER|562|NGR|NG|NIG|NIG|RN|NR|181|ng|227|Yes|Y
Nigeria|NG|NGA|566|NIG|NI|NGR|NGA|WAN|NI|182|nr|234|Yes|Y
Niue|NU|NIU|570|NIU|NE|NIU|NIU|NZ| |183|xh|683|Associated with NZ|Y
Norfolk Island|NF|NFK|574|NFK|NF|NFI|NFK|AUS|NF|184|nx|672|Territory of AU|Y
Northern Mariana Islands|MP|MNP|580|MRA|CQ|NMA|NMI|USA|MY|185|nw|1-670|Commonwealth of US|Y
Norway|NO|NOR|578|NOR|NO|NOR|NOR|N|NO|186|no|47|Yes|N
Oman|OM|OMN|512|OMA|MU|OMA|OMA| |OM|187|mk|968|Yes|Y
Pakistan|PK|PAK|586|PAK|PK|PAK|PAK|PK|PK|188|pk|92|Yes|Y
Palau|PW|PLW|585|PLW|PS|PLW|PLW| | |189|pw|680|Yes|Y
Palestine|PS|PSE|275| |GZ, WE|PLE|PLE| | |91, 267|gz, wj|970|In contention|Y
Panama|PA|PAN|591|PNR|PM|PAN|PAN|PA|PM|191|pn|507|Yes|Y
Papua New Guinea|PG|PNG|598|PNG|PP|PNG|PNG|PNG|NG|192|pp|675|Yes|Y
Paraguay|PY|PRY|600|PRG|PA|PAR|PAR|PY|PY|194|py|595|Yes|Y
Peru|PE|PER|604|PRU|PE|PER|PER|PE|PR|195|pe|51|Yes|Y
Philippines|PH|PHL|608|PHL|RP|PHI|PHI|RP|PH|196|ph|63|Yes|Y
Pitcairn|PN|PCN|612|PTC|PC| |PCN| |PT|197|pc|870|Territory of GB|Y
Poland|PL|POL|616|POL|PL|POL|POL|PL|PL|198|pl|48|Yes|Y
Portugal|PT|PRT|620|POR|PO|POR|POR|P|PO|199|po|351|Yes|N
Puerto Rico|PR|PRI|630|PTR|RQ|PUR|PUR|USA|PU|200|pr|1|Commonwealth of US|Y
Qatar|QA|QAT|634|QAT|QA|QAT|QAT|Q|QT|201|qa|974|Yes|Y
Reunion|RE|REU|638|REU|RE|REU|REU|F|RE|206|re|262|Part of FR|Y
Romania|RO|ROU|642|ROU|RO|ROU|ROU|RO|RO|203|rm|40|Yes|Y
Russian Federation|RU|RUS|643|RUS|RS|RUS|RUS|RUS|RS|204|ru|7|Yes|Y
Rwanda|RW|RWA|646|RRW|RW|RWA|RWA|RWA|RW|205|rw|250|Yes|Y
Saint Barthélemy|BL|BLM|652| |TB| | | | ||sc|590|Part of FR|Y
Saint Helena|SH|SHN|654|SHN|SH|HEL|SHN|SH|HE|207|xj|290 n|Territory of GB|Y
Saint Kitts and Nevis|KN|KNA|659|KNA|SC|SKN|SKN|KN|AT|208|xd|1-869|Yes|Y
Saint Lucia|LC|LCA|662|LCA|ST|LCA|LCA|WL|LC|209|xk|1-758|Yes|Y
Saint Martin (French part)|MF|MAF|663| |RN| | | | ||st|590|Part of FR|Y
Saint Pierre and Miquelon|PM|SPM|666|SPM|SB|SPM|SPM|F|FP|210|xl|508|Part of FR|Y
Saint Vincent and the Grenadines|VC|VCT|670|VCT|VC|VIN|VIN|WV|VG|211|xm|1-784|Yes|Y
Samoa|WS|WSM|882|SMO|WS|SAM|SAM|WS|ZM|212|ws|685|Yes|Y
San Marino|SM|SMR|674|SMR|SM|SMR|SMR|RSM| |213|sm|378|Yes|N
Sao Tome and Principe|ST|STP|678|STP|TP|STP|STP|ST|TP|214|sf|239|Yes|Y
Saudi Arabia|SA|SAU|682|ARS|SA|KSA|KSA|SA|SD|215|su|966|Yes|Y
Senegal|SN|SEN|686|SEN|SG|SEN|SEN|SN|SG|217|sg|221|Yes|Y
Serbia|RS|SRB|688|SRB|RI, KV|SRB|SRB|SRB|YG|2648|rb|381 p|Yes|Y
Seychelles|SC|SYC|690|SEY|SE|SEY|SEY|SY|SC|220|se|248|Yes|Y
Sierra Leone|SL|SLE|694|SRL|SL|SLE|SLE|WAL|SL|221|sl|232|Yes|Y
Singapore|SG|SGP|702|SNG|SN|SIN|SIN|SGP|SR|222|si|65|Yes|N
Sint Maarten|SX|SXM|534||NN||||||sn|1-721|Part of NL|Y
Slovakia|SK|SVK|703|SVK|LO|SVK|SVK|SK|SQ|223|xo|421|Yes|N
Slovenia|SI|SVN|705|SVN|SI|SLO|SVN|SLO|LJ|224|xv|386|Yes|N
Solomon Islands|SB|SLB|090|SLM|BP|SOL|SOL|SB|SO|225|bp|677|Yes|Y
Somalia|SO|SOM|706|SOM|SO|SOM|SOM|SO|SI|226|so|252|Yes|Y
South Africa|ZA|ZAF|710|AFS|SF|RSA|RSA|ZA|ZA|227|sa|27|Yes|Y
South Georgia and South Sandwich Islands|GS|SGS|239| |SX| || | |228|xs|500|Territory of GB|Y
South Sudan|SS|SSD|728|SSD|OD||||||sd|211|Yes|Y
Spain|ES|ESP|724|E|SP|ESP|ESP|E|SP|229|sp|34|Yes|N
Sri Lanka|LK|LKA|144|CLN|CE|SRI|SRI|CL|SB|231|ce|94|Yes|Y
Sudan|SD|SDN|729|SDN|SU|SUD|SUD|SUD|SU|40764|sj|249|Yes|Y
Suriname|SR|SUR|740|SUR|NS|SUR|SUR|SME|SM|233|sr|597|Yes|Y
Svalbard and Jan Mayen Islands|SJ|SJM|744|NOR|SV, JN| || |SZ|234| |47|Territory of NO|Y
Swaziland|SZ|SWZ|748|SWZ|WZ|SWZ|SWZ|SD|SV|235|sq|268|Yes|Y
Sweden|SE|SWE|752|S|SW|SWE|SWE|S|SN|236|sw|46|Yes|N
Switzerland|CH|CHE|756|SUI|SZ|SUI|SUI|CH|SW|237|sz|41|Yes|N
Syria|SY|SYR|760|SYR|SY|SYR|SYR|SYR|SY|238|sy|963|Yes|Y
Taiwan|TW|TWN|158| |TW|TPE|TPE|RC| |925|ch|886|Yes|N
Tajikistan|TJ|TJK|762|TJK|TI|TJK|TJK|TJ|TA|239|ta|992|Yes|Y
Tanzania|TZ|TZA|834|TZA|TZ|TAN|TAN|EAT|TN|257|tz|255|Yes|Y
Thailand|TH|THA|764|THA|TH|THA|THA|T|TH|240|th|66|Yes|Y
Timor-Leste|TL|TLS|626|TLS|TT|TLS|TLS|RI|TM|242|em|670|Yes|Y
Togo|TG|TGO|768|TGO|TO|TOG|TOG|TG|TG|243|tg|228|Yes|Y
Tokelau|TK|TKL|772|TKL|TL| |TKL|NZ|TK|244|tl|690|Territory of NZ|Y
Tonga|TO|TON|776|TON|TN|TGA|TGA|TO|TO|245|to|676|Yes|Y
Trinidad and Tobago|TT|TTO|780|TRD|TD|TTO|TRI|TT|TD|246|tr|1-868|Yes|Y
Tunisia|TN|TUN|788|TUN|TS|TUN|TUN|TN|TS|248|ti|216|Yes|Y
Turkey|TR|TUR|792|TUR|TU|TUR|TUR|TR|TU|249|tu|90|Yes|Y
Turkmenistan|TM|TKM|795|TKM|TX|TKM|TKM|TM|TR|250|tk|993|Yes|Y
Turks and Caicos Islands|TC|TCA|796|TCA|TK|TKS|TCA| |TI|251|tc|1-649|Territory of GB|Y
Tuvalu|TV|TUV|798|TUV|TV|TUV|TUV|TV|TV|252|tv|688|Yes|Y
Uganda|UG|UGA|800|UGA|UG|UGA|UGA|EAU|UG|253|ug|256|Yes|Y
Ukraine|UA|UKR|804|UKR|UP|UKR|UKR|UA|UR|254|un|380|Yes|Y
United Arab Emirates|AE|ARE|784|UAE|AE|UAE|UAE| |ER|255|ts|971|Yes|Y
United Kingdom|GB|GBR|826|G|UK|GBR|1|GB|UK|256|xxk|44|Yes|N
United States Minor Outlying Islands|UM|UMI|581| |a| ||USA| ||b| |Territories of US|Y
United States of America|US|USA|840|USA|US|USA|USA|USA|US|259|xxu|1|Yes|Y
Uruguay|UY|URY|858|URG|UY|URU|URU|ROU|UY|260|uy|598|Yes|Y
Uzbekistan|UZ|UZB|860|UZB|UZ|UZB|UZB|UZ|UZ|261|uz|998|Yes|Y
Vanuatu|VU|VUT|548|VUT|NH|VAN|VAN|VU|NV|262|nn|678|Yes|Y
Vatican City|VA|VAT|336|CVA|VT| |VAT|V| |110|vc|39-06|Yes|Y
Venezuela|VE|VEN|862|VEN|VE|VEN|VEN|YV|VN|263|ve|58|Yes|Y
Vietnam|VN|VNM|704|VTN|VM|VIE|VIE|VN|VS|264|vm|84|Yes|Y
Virgin Islands, British|VG|VGB|092|VRG|VI|IVB|VGB|BVI|VI|39|vb|1-284|Territory of GB|Y
Virgin Islands, U.S.|VI|VIR|850|VIR|VQ|ISV|VIR|USA|VI|258|vi|1-340|Territory of US|Y
Wallis and Futuna Islands|WF|WLF|876|WAL|WF|WAF|WLF|F|FW|266|wf|681|Territory of FR|Y
Western Sahara|EH|ESH|732|AOE|WI| |SAH| | |268|ss|212|In contention|Y
Yemen|YE|YEM|887|YEM|YM|YEM|YEM|YAR|YE|269|ye|967|Yes|Y
Zambia|ZM|ZMB|894|ZMB|ZA|ZAM|ZAM|Z|ZB|270|za|260|Yes|Y
Zimbabwe|ZW|ZWE|716|ZWE|ZI|ZIM|ZIM|ZW|ZW|271|rh|263|Yes|Y